Name,ItemType,Related Data,Field
Test20202105,test module,related test results,":location,:status,:url"
Test20202106,test module,related test results,":location,:status,:url"
Test20202107,test module,related test results,":location,:status,:url"
Test20202108,test module,related test results,":location,:status,:url"
Test20202109,test module,related test results,":location,:status,:url"
Test20202110,test module,related test results,":location,:status,:url"
Test20202111,test module,related test results,":location,:status,:url"
Test20202112,test module,related test results,":location,:status,:url"
Test20202113,test module,related test results,":location,:status,:url"
Test20202114,test module,related test results,":location,:status,:url"
Test20202115,test module,related test results,":location,:status,:url"
Test20202116,test module,related test results,":location,:status,:url"
Test20202117,test module,related test results,":location,:status,:url"
Test20202118,test module,related test results,":location,:status,:url"
Test20202119,test module,related test results,":location,:status,:url"
Test20202120,test module,related test results,":location,:status,:url"
Test20202121,test module,related test results,":location,:status,:url"
Test20202122,test module,related test results,":location,:status,:url"
Test20202123,test module,related test results,":location,:status,:url"
Test20202124,test module,related test results,":location,:status,:url"
